protein_variant,hgvs_c,gnomad_af,am_score,am_class,clinvar_sig,source
L1040P,c.3119T>C,6.843156227888051e-07,0.9977,likely_pathogenic,Uncertain significance,REAL
W496R,c.1486T>C,0.0,0.9959,likely_pathogenic,Conflicting classifications of pathogenicity,REAL
C524R,c.1570T>C,1.9717902540980372e-05,0.9954,likely_pathogenic,Conflicting classifications of pathogenicity,REAL
D979A,c.2936A>C,1.313525370742536e-05,0.9928,likely_pathogenic,Conflicting classifications of pathogenicity,REAL
R1162P,c.3485G>C,5.47596394077745e-06,0.9923,likely_pathogenic,Uncertain significance,REAL
A566D,c.1697C>A,6.892311764073411e-07,0.9921,likely_pathogenic,Conflicting classifications of pathogenicity,REAL
W1145R,c.3433T>C,6.848236236757224e-07,0.992,likely_pathogenic,Uncertain significance,REAL
R1097P,c.3290G>C,6.842631785666876e-07,0.99,likely_pathogenic,Uncertain significance,REAL
G226R,c.676G>A,6.575573061192283e-06,0.9886,likely_pathogenic,Uncertain significance,REAL
F337L,c.1009T>C,6.84070327902271e-07,0.9878,likely_pathogenic,Uncertain significance,REAL
R347S,c.1039C>A,1.3682642063451884e-06,0.9877,likely_pathogenic,Uncertain significance,REAL
G1249E,c.3746G>A,6.574103292310929e-06,0.9876,likely_pathogenic,Conflicting classifications of pathogenicity,REAL
L441P,c.1322T>C,1.3692796630476606e-06,0.9876,likely_pathogenic,Conflicting classifications of pathogenicity,REAL
C524Y,c.1571G>A,6.848358174611219e-07,0.9873,likely_pathogenic,Conflicting classifications of pathogenicity,REAL
L1062P,c.3185T>C,6.843409112683574e-07,0.9868,likely_pathogenic,Uncertain significance,REAL
